"message_id","sender","subject","_to","cc","bcc"
"25","Pat TeeSumTwelve <patsumtwelve@gmail.com>","Paris Speak and answer","Tracy TeeSumTwelve <TracySumtwelve@gmail.com>","",""
"26","Perry Patsum <perrypatsum@yahoo.com>","Look me up sometime",""tracysumtwelve@gmail.com" <tracysumtwelve@gmail.com>","",""
"29","Perry Patsum <perrypatsum@yahoo.com>","hey sis",""tracysumtwelve@gmail.com" <tracysumtwelve@gmail.com>","",""
"31","engod.rikal@m57.biz","Weekend plans","tracysumtwelve@gmail.com","",""
"33","Joe Sumtwelve <joe.sum.twelve@gmail.com>","Re: Regarding Terry","Tracy Sumtwelve <tracysumtwelve@gmail.com>","",""
"34",""||=`TripleScores`=``||"<51678u@gud-stuff.bestsitepro.de>","=?utf-8?q?__-Your___transUnion__creditScore_may have__updated-viewAsap_?=","<certified@gmail.com>","<oracle.php@gmail.com>",""
"35","The Onion <dispatch@theonion.com>","The Onion Daily Dispatch - July 02, 2012","tracysumtwelve@gmail.com","",""
"36","The Onion <dispatch@theonion.com>","The Onion Daily Dispatch - July 03, 2012","tracysumtwelve@gmail.com","",""
"37",""=`Independence`Day`deals``]"<51678u@socialblogdoc.socialblablee.fi>"," Come to..direct buy..for all your furniture needs this..4th of   July. Get..your Visitor's Pass Today ! ","<nationfirst1_mail@gmail.com>","<nation.cpp@gmail.com>",""
"38",""Google+ team" <noreply-475ba29f@plus.google.com>","Someone you might know on Google+","tracysumtwelve@gmail.com","",""
"39","The Onion <dispatch@theonion.com>","The Onion Daily Dispatch - July 04, 2012","tracysumtwelve@gmail.com","",""
"40","Carry Sumttwentytwelve <carrysum2012@yahoo.com>","Long time no see...","tracysumtwelve@gmail.com","",""
"41","Pat TeeSumTwelve <patsumtwelve@gmail.com>","Re: Good News","Tracy Sumtwelve <tracysumtwelve@gmail.com>","",""
"42","The Onion <dispatch@theonion.com>","The Onion Daily Dispatch - July 06, 2012","tracysumtwelve@gmail.com","",""
"43","Pat TeeSumTwelve <patsumtwelve@gmail.com>","Re: Good News","Tracy TeeSumTwelve <tracysumtwelve@gmail.com>","",""
"44",""__confirmNow'"<back@eduction-portal1.caltech.edurouter.li>","    You..have received $100- $1000     cashDeposited ","<Ur@red-mx01.fonotyp-scroolesz.com>","",""
"45","The Onion <dispatch@theonion.com>","The Onion Daily Dispatch - July 09, 2012","tracysumtwelve@gmail.com","",""
"47","Carry Sumttwentytwelve <carrysum2012@yahoo.com>","Re: Long time no see...","tracysumtwelve@gmail.com","",""
"48","Carry Sumttwentytwelve <carrysum2012@yahoo.com>","Re: Long time no see...","tracysumtwelve@gmail.com","",""
"49","The Onion <dispatch@theonion.com>","The Onion Daily Dispatch - July 10, 2012","tracysumtwelve@gmail.com","",""
"50","The Onion <dispatch@theonion.com>","The Onion Daily Dispatch - July 11, 2012","tracysumtwelve@gmail.com","",""
"51","Carry Sumttwentytwelve <carrysum2012@yahoo.com>","Re: Long time no see...","tracysumtwelve@gmail.com","",""
"52",""Google+" <noreply-5dd47ca1@plus.google.com>","Carry Carsumtwotwelve added you on Google+","tracysumtwelve@gmail.com","",""
"53",""Carry Carsumtwotwelve (Google+)" <replyto-748d3d22@plus.google.com>","Carry Carsumtwotwelve is sharing with you on Google+","tracysumtwelve@gmail.com","",""
"54","Woina.Honril@m57.biz","Site","tracysumtwelve@gmail.com","",""
"55","Phasul.Umfny@m57.biz","Site","tracysumtwelve@gmail.com","",""
"56",""Carry Carsumtwotwelve (Google+)" <replyto-748d3d22@plus.google.com>","Carry Carsumtwotwelve is sharing with you on Google+","tracysumtwelve@gmail.com","",""
"57","Carry <carrysum2012@yahoo.com>","Re: Long time no see...","Tracy TeeSumTwelve <tracysumtwelve@gmail.com>","",""
"58","Carry <carrysum2012@yahoo.com>","Re: Long time no see...","Tracy TeeSumTwelve <tracysumtwelve@gmail.com>","",""
"59",""Microsoft Office" <microsoft@reply.digitalriver.com>","Only 30 days left! Start a free Office training course now.","Coral BlueTwo <coralbluetwo@hotmail.com>","",""
"60","Pat TeeSumTwelve <patsumtwelve@gmail.com>","Fwd: can't pass up","coralbluetwo@hotmail.com","",""
"61","Tracy Sumtwelve <tracysumtwelve@gmail.com>","things","coralbluetwo@hotmail.com","",""
"62","Pat TeeSumTwelve <patsumtwelve@gmail.com>","can't pass up","throne1966@hotmail.com","coralbluetwo@hotmail.com",""
"63","Woina.Honril@m57.biz","Busy","coralbluetwo@hotmail.com","",""
"64","Skelak.Dedan@m57.biz","Busy","coralbluetwo@hotmail.com","",""
"65","Tonser.Atene@m57.biz","Busy","coralbluetwo@hotmail.com","",""
"66","Untshat.Torak@m57.biz","Busy","coralbluetwo@hotmail.com","",""
"67","Untshat.Torak@m57.biz","Busy","coralbluetwo@hotmail.com","",""
"68","Ormoso.Angit@m57.biz","Busy","coralbluetwo@hotmail.com","",""
"69","Awen.Throsam@m57.biz","Busy","coralbluetwo@hotmail.com","",""
"70","Skelak.Dedan@m57.biz","Busy","coralbluetwo@hotmail.com","",""
"71","Perry Patsum <perrypatsum@yahoo.com>","Re: Some good news","Coral <coralbluetwo@hotmail.com>","",""
"72","Perry Patsum <perrypatsum@yahoo.com>","Re: Some good news","Coral <coralbluetwo@hotmail.com>","",""
"73","Perry Patsum <perrypatsum@yahoo.com>","Re: Some good news","Coral <coralbluetwo@hotmail.com>","",""
"74","Perry Patsum <perrypatsum@yahoo.com>","Re: Whats going on","Coral <coralbluetwo@hotmail.com>","",""
"75","Perry Patsum <perrypatsum@yahoo.com>","Re: Whats going on","Coral <coralbluetwo@hotmail.com>","",""
"76","Perry Patsum <perrypatsum@yahoo.com>","Whats going on","Coral Bluetwo <coralbluetwo@hotmail.com>","",""
"77","Perry Patsum <perrypatsum@yahoo.com>","Re: Crazydave by the VMs","Coral BlueTwo <coralbluetwo@hotmail.com>","",""
"78","Perry Patsum <perrypatsum@yahoo.com>","Re: ???","Coral BlueTwo <coralbluetwo@hotmail.com>","",""
"79","Perry Patsum <perrypatsum@yahoo.com>","Crazydave by the VMs","Coral Bluetwo <coralbluetwo@hotmail.com>","",""
"80",""Microsoft Office" <microsoft@reply.digitalriver.com>","Only 30 days left! Start a free Office training course now.","Coral BlueTwo <coralbluetwo@hotmail.com>","",""
"81","Coral <coralbluetwo@hotmail.com>","Re: Busy",""Awen.Throsam@m57.biz" <Awen.Throsam@m57.biz>","",""
